,pos_x,pos_y,pos_z,direct_x,direct_y,direct_z,Energy
0,-223.57568359375,-27.315183639526367,606.3482055664062,-0.8056257367134094,0.5887565612792969,-0.06582457572221756,1.0
