,time_0,activation_probability
0,548.4294118869615,2.252917843269283e-09
1,553.5899649488313,0.00113869990012547
2,646.862522606965,2.5734615411974156e-05
3,2733.7559465567174,9.700227344890121e-21
4,1587.6672340337007,3.945244426176323e-08
5,625.8541419085896,6.308875436661735e-11
6,185.7504514766304,0.006730631084712079
7,1482.8903513712305,3.502151964321248e-09
