,time_0,activation_probability
0,2309.7521194666215,3.2983251011358583e-16
1,1775.0318462511443,8.268557567621757e-12
2,1334.7621385480406,3.2310602723887846e-08
3,2221.9389261708056,6.966772002631947e-15
4,2287.944848586817,4.499483188776499e-31
5,1021.5920338038437,4.404693716926058e-08
6,1225.5855228246871,1.4364264512220858e-09
7,1200.6595594213663,1.700781060198035e-17
8,839.9145043365102,3.138955503892693e-07
9,2767.0791209182785,9.12195063093277e-49
10,1896.6901206007046,9.497817338840717e-10
11,2314.735287484389,1.121393779277051e-11
12,1393.2570489138673,3.937711277178486e-07
13,1855.0026433211128,5.849619895729351e-13
14,2212.351040568431,6.76641753937186e-11
15,908.9985744826625,6.854579263709969e-07
16,888.5224458720504,4.5658693974344755e-05
17,1017.647982906319,4.032834766501295e-09
18,939.3449962590253,4.3845255306528305e-06
19,1203.8035797015764,5.663016917334073e-12
20,1424.1886946633465,3.3259876599686166e-08
21,1520.4639246215952,2.100341513253123e-08
22,1754.914648971621,2.3713969634021528e-12
23,1807.9076344891514,3.256697643692412e-11
24,914.9179436634429,8.283820372441615e-10
25,1021.4313269244426,1.067524257765182e-08
26,1378.933269591218,3.761289211916109e-09
27,1302.3304705180785,2.1325990407263955e-07
28,1394.038582486004,1.0246244463234616e-20
29,1079.0530541159144,1.1930940345202978e-07
30,1104.6779280020864,3.271953566886014e-11
31,1434.5007666208921,6.596716950106978e-11
32,1935.3917201675245,3.261135327872739e-14
33,1802.1086712987903,2.6239888461572475e-09
34,1780.2289545854298,1.2345104057145563e-08
35,1501.0841834082987,4.4256305481962785e-11
36,1482.7540590251724,1.4791787386731247e-18
37,1360.5136910819206,4.3464517452769576e-07
38,1345.08953115353,2.155417173956711e-10
39,1720.811980282558,7.546172925537306e-10
40,3039.453513340119,8.058780819766157e-22
41,402.4573723368996,0.00033006513454045375
42,528.9965269152265,1.3183033151378027e-10
43,1999.947806116542,6.568138754106157e-10
