,time_0,activation_probability
0,192.52195832082157,0.00852196603334214
